Title,Translation,Color,Duration,Speaker,Nextsubtitle,Delaytonextsubtitle,Style
GAMESAVED,#CaptionMod_GameSaved,,,,,,
HTTITLE,#HTTITLE,,,,,,
HTINFOG1,#HTINFOG1,,,,,,
HTINFOG2,#HTINFOG2,,,,,,
HTINFOG3,#HTINFOG3,,,,,,
HTINFOG4,#HTINFOG4,,,,,,
HTINFOG5,#HTINFOG5,,,,,,
HTINFOG6,#HTINFOG6,,,,,,
HTINFOC1,#HTINFOC1,,,,,,
HTINFOC2,#HTINFOC2,,,,,,
HTINFOC3,#HTINFOC3,,,,,,
HTINFOC4,#HTINFOC4,,,,,,
HTINFOC5,#HTINFOC5,,,,,,
HTINFOC6,#HTINFOC6,,,,,,
GAMEOVER,#GAMEOVER,,,,,,
BOTHDEAD,#BOTHDEAD,,,,,,
DEADGINA,#DEADGINA,,,,,,
DEADCOLETTE,#DEADCOLETTE,,,,,,
DEADALIEN,#DEADALIEN,,,,,,
SUCCESS,#SUCCESS,,,,,,
DYLOCKED,#DYLOCKED,,,,,,
HT01COMPLETE,#HT01COMPLETE,,,,,,
HT02COMPLETE,#HT02COMPLETE,,,,,,
HT03COMPLETE,#HT03COMPLETE,,,,,,
HT04COMPLETE,#HT04COMPLETE,,,,,,
HT05COMPLETE,#HT05COMPLETE,,,,,,
HT07COMPLETE,#HT07COMPLETE,,,,,,
HT10COMPLETE,#HT10COMPLETE,,,,,,
HT11COMPLETE,#HT11COMPLETE,,,,,,
HT12COMPLETE,#HT12COMPLETE,,,,,,
HT91COMPLETE,#HT91COMPLETE,,,,,,
HT01TITLE,#HT01TITLE,,,,,,
HT02TITLE,#HT02TITLE,,,,,,
HT03TITLE,#HT03TITLE,,,,,,
HT04TITLE,#HT04TITLE,,,,,,
HT05TITLE,#HT05TITLE,,,,,,
HT07TITLE,#HT07TITLE,,,,,,
HT10TITLE,#HT10TITLE,,,,,,
HT11TITLE,#HT11TITLE,,,,,,
HT12TITLE,#HT12TITLE,,,,,,
HT91TITLE,#HT91TITLE,,,,,,
rosenberg/ro_01_admin.wav,#ro_01_admin,Gray,,#HalfLife_Rosenberg,,,
rosenberg/ro_01_alive.wav,#ro_01_alive,Gray,,#HalfLife_Rosenberg,,,
rosenberg/ro_01_assure.wav,#ro_01_assure,Gray,,#HalfLife_Rosenberg,,,
rosenberg/ro_01_callhelp.wav,#ro_01_callhelp,Gray,,#HalfLife_Rosenberg,,,
rosenberg/ro_01_chargers.wav,#ro_01_chargers,Gray,,#HalfLife_Rosenberg,,,
rosenberg/ro_01_dampen.wav,#ro_01_dampen,Gray,,#HalfLife_Rosenberg,,,
rosenberg/ro_01_danger.wav,#ro_01_danger,Gray,,#HalfLife_Rosenberg,,,
rosenberg/ro_01_fields.wav,#ro_01_fields,Gray,,#HalfLife_Rosenberg,,,
rosenberg/ro_01_grudge.wav,#ro_01_grudge,Gray,,#HalfLife_Rosenberg,,,
rosenberg/ro_01_keller.wav,#ro_01_keller,Gray,,#HalfLife_Rosenberg,,,
rosenberg/ro_01_leaving.wav,#ro_01_leaving,Gray,,#HalfLife_Rosenberg,,,
rosenberg/ro_01_letsgo.wav,#ro_01_letsgo,Gray,,#HalfLife_Rosenberg,,,
rosenberg/ro_01_realize.wav,#ro_01_realize,Gray,,#HalfLife_Rosenberg,,,
rosenberg/ro_01_spectrom.wav,#ro_01_spectrom,Gray,,#HalfLife_Rosenberg,,,
rosenberg/ro_01_survived.wav,#ro_01_survived,Gray,,#HalfLife_Rosenberg,,,
rosenberg/ro_01_touch.wav,#ro_01_touch,Gray,,#HalfLife_Rosenberg,,,
rosenberg/ro_01_yesright.wav,#ro_01_yesright,Gray,,#HalfLife_Rosenberg,,,
rosenberg/ro_02_careful.wav,#ro_02_careful,Gray,,#HalfLife_Rosenberg,,,
rosenberg/ro_02_despite.wav,#ro_02_despite,Gray,,#HalfLife_Rosenberg,,,
rosenberg/ro_02_elevator.wav,#ro_02_elevator,Gray,,#HalfLife_Rosenberg,,,
rosenberg/ro_02_follow.wav,#ro_02_follow,Gray,,#HalfLife_Rosenberg,,,
rosenberg/ro_02_madeit.wav,#ro_02_madeit,Gray,,#HalfLife_Rosenberg,,,
rosenberg/ro_02_moving.wav,#ro_02_moving,Gray,,#HalfLife_Rosenberg,,,
rosenberg/ro_02_opendoor.wav,#ro_02_opendoor,Gray,,#HalfLife_Rosenberg,,,
rosenberg/ro_02_thanks.wav,#ro_02_thanks,Gray,,#HalfLife_Rosenberg,,,
rosenberg/ro_02_waithere.wav,#ro_02_waithere,Gray,,#HalfLife_Rosenberg,,,
rosenberg/ro_03_aligned.wav,#ro_03_aligned,Gray,,#HalfLife_Rosenberg,,,
rosenberg/ro_03_excellent.wav,#ro_03_excellent,Gray,,#HalfLife_Rosenberg,,,
rosenberg/ro_03_inside.wav,#ro_03_inside,Gray,,#HalfLife_Rosenberg,,,
rosenberg/ro_03_keller.wav,#ro_03_keller,Gray,,#HalfLife_Rosenberg,,,
rosenberg/ro_03_madeit.wav,#ro_03_madeit,Gray,,#HalfLife_Rosenberg,,,
rosenberg/ro_03_makeway.wav,#ro_03_makeway,Gray,,#HalfLife_Rosenberg,,,
rosenberg/ro_03_notalign.wav,#ro_03_notalign,Gray,,#HalfLife_Rosenberg,,,
rosenberg/ro_03_notalign2.wav,#ro_03_notalign2,Gray,,#HalfLife_Rosenberg,,,
rosenberg/ro_03_perfect.wav,#ro_03_perfect,Gray,,#HalfLife_Rosenberg,,,
rosenberg/ro_03_rotated.wav,#ro_03_rotated,Gray,,#HalfLife_Rosenberg,,,
rosenberg/ro_03_senddown.wav,#ro_03_senddown,Gray,,#HalfLife_Rosenberg,,,
rosenberg/ro_03_surface.wav,#ro_03_surface,Gray,,#HalfLife_Rosenberg,,,
rosenberg/ro_03_toofar.wav,#ro_03_toofar,Gray,,#HalfLife_Rosenberg,,,
rosenberg/ro_03_waithere.wav,#ro_03_waithere,Gray,,#HalfLife_Rosenberg,,,
rosenberg/ro_calhoun.wav,#ro_calhoun,Gray,,#HalfLife_Rosenberg,,,
rosenberg/ro_calhoun2.wav,#ro_calhoun2,Gray,,#HalfLife_Rosenberg,,,
rosenberg/ro_cure0.wav,#ro_cure0,Gray,,#HalfLife_Rosenberg,,,
rosenberg/ro_cure1.wav,#ro_cure1,Gray,,#HalfLife_Rosenberg,,,
rosenberg/ro_cure2.wav,#ro_cure2,Gray,,#HalfLife_Rosenberg,,,
rosenberg/ro_heal0.wav,#ro_heal0,Gray,,#HalfLife_Rosenberg,,,
rosenberg/ro_heal1.wav,#ro_heal1,Gray,,#HalfLife_Rosenberg,,,
rosenberg/ro_heal2.wav,#ro_heal2,Gray,,#HalfLife_Rosenberg,,,
rosenberg/ro_heal3.wav,#ro_heal3,Gray,,#HalfLife_Rosenberg,,,
rosenberg/ro_heal4.wav,#ro_heal4,Gray,,#HalfLife_Rosenberg,,,
rosenberg/ro_mortal0.wav,#ro_mortal0,Gray,,#HalfLife_Rosenberg,,,
rosenberg/ro_mortal1.wav,#ro_mortal1,Gray,,#HalfLife_Rosenberg,,,
rosenberg/ro_ok0.wav,#ro_ok0,Gray,,#HalfLife_Rosenberg,,,
rosenberg/ro_ok1.wav,#ro_ok1,Gray,,#HalfLife_Rosenberg,,,
rosenberg/ro_ok2.wav,#ro_ok2,Gray,,#HalfLife_Rosenberg,,,
rosenberg/ro_ok3.wav,#ro_ok3,Gray,,#HalfLife_Rosenberg,,,
rosenberg/ro_ok4.wav,#ro_ok4,Gray,,#HalfLife_Rosenberg,,,
rosenberg/ro_ok5.wav,#ro_ok5,Gray,,#HalfLife_Rosenberg,,,
rosenberg/ro_ok6.wav,#ro_ok6,Gray,,#HalfLife_Rosenberg,,,
rosenberg/ro_ok7.wav,#ro_ok7,Gray,,#HalfLife_Rosenberg,,,
rosenberg/ro_plfear0.wav,#ro_plfear0,Gray,,#HalfLife_Rosenberg,,,
rosenberg/ro_plfear1.wav,#ro_plfear1,Gray,,#HalfLife_Rosenberg,,,
rosenberg/ro_plfear2.wav,#ro_plfear2,Gray,,#HalfLife_Rosenberg,,,
rosenberg/ro_plfear3.wav,#ro_plfear3,Gray,,#HalfLife_Rosenberg,,,
rosenberg/ro_plfear4.wav,#ro_plfear4,Gray,,#HalfLife_Rosenberg,,,
rosenberg/ro_rug.wav,#ro_rug,Gray,,#HalfLife_Rosenberg,,,
rosenberg/ro_scared0.wav,#ro_scared0,Gray,,#HalfLife_Rosenberg,,,
rosenberg/ro_scared1.wav,#ro_scared1,Gray,,#HalfLife_Rosenberg,,,
rosenberg/ro_scared2.wav,#ro_scared2,Gray,,#HalfLife_Rosenberg,,,
rosenberg/ro_stop2.wav,#ro_stop2,Gray,,#HalfLife_Rosenberg,,,
rosenberg/ro_wait0.wav,#ro_wait0,Gray,,#HalfLife_Rosenberg,,,
rosenberg/ro_wait1.wav,#ro_wait1,Gray,,#HalfLife_Rosenberg,,,
rosenberg/ro_wait2.wav,#ro_wait2,Gray,,#HalfLife_Rosenberg,,,
rosenberg/ro_wait3.wav,#ro_wait3,Gray,,#HalfLife_Rosenberg,,,
rosenberg/ro_wait4.wav,#ro_wait4,Gray,,#HalfLife_Rosenberg,,,
rosenberg/ro_wound0.wav,#ro_wound0,Gray,,#HalfLife_Rosenberg,,,
rosenberg/ro_wound1.wav,#ro_wound1,Gray,,#HalfLife_Rosenberg,,,
rosenberg/ro_xen_call1.wav,#ro_xen_call1,Gray,,#HalfLife_Rosenberg,,,
scientist/absolutely.wav,#absolutely,Gray,,#HalfLife_Scientist,,,
scientist/absolutelynot.wav,#absolutelynot,Gray,,#HalfLife_Scientist,,,
scientist/administrator.wav,#administrator,Gray,,#HalfLife_Scientist,,,
scientist/afellowsci.wav,#afellowsci,Gray,,#HalfLife_Scientist,,,
scientist/ahfreeman.wav,#ahfreeman,Gray,,#HalfLife_Scientist,,,
scientist/alienapeal.wav,#alienapeal,Gray,,#HalfLife_Scientist,,,
scientist/alientrick.wav,#alientrick,Gray,,#HalfLife_Scientist,,,
scientist/allnominal.wav,#allnominal,Gray,,#HalfLife_Scientist,,,
scientist/alright.wav,#alright,Gray,,#HalfLife_Scientist,,,
scientist/analysis.wav,#analysis,Gray,,#HalfLife_Scientist,,,
scientist/announcer.wav,#announcer,Gray,,#HalfLife_Scientist,,,
scientist/areyouthink.wav,#areyouthink,Gray,,#HalfLife_Scientist,,,
scientist/asexpected.wav,#asexpected,Gray,,#HalfLife_Scientist,,,
scientist/beenaburden.wav,#beenaburden,Gray,,#HalfLife_Scientist,,,
scientist/beverage.wav,#beverage,Gray,,#HalfLife_Scientist,,,
scientist/bloodsample.wav,#bloodsample,Gray,,#HalfLife_Scientist,,,
scientist/cantbeserious.wav,#cantbeserious,Gray,,#HalfLife_Scientist,,,
scientist/cantbeworse.wav,#cantbeworse,Gray,,#HalfLife_Scientist,,,
scientist/canttakemore.wav,#canttakemore,Gray,,#HalfLife_Scientist,,,
scientist/cascade.wav,#cascade,Gray,,#HalfLife_Scientist,,,
scientist/catchone.wav,#catchone,Gray,,#HalfLife_Scientist,,,
scientist/chaostheory.wav,#chaostheory,Gray,,#HalfLife_Scientist,,,
scientist/checkatten.wav,#checkatten,Gray,,#HalfLife_Scientist,,,
scientist/completelywrong.wav,#completelywrong,Gray,,#HalfLife_Scientist,,,
scientist/containfail.wav,#containfail,Gray,,#HalfLife_Scientist,,,
scientist/correcttheory.wav,#correcttheory,Gray,,#HalfLife_Scientist,,,
scientist/delayagain.wav,#delayagain,Gray,,#HalfLife_Scientist,,,
scientist/didyouhear.wav,#didyouhear,Gray,,#HalfLife_Scientist,,,
scientist/dinner.wav,#dinner,Gray,,#HalfLife_Scientist,,,
scientist/dontconcur.wav,#dontconcur,Gray,,#HalfLife_Scientist,,,
scientist/dontgothere.wav,#dontgothere,Gray,,#HalfLife_Scientist,,,
scientist/dontknow.wav,#dontknow,Gray,,#HalfLife_Scientist,,,
scientist/dontwantdie.wav,#dontwantdie,Gray,,#HalfLife_Scientist,,,
scientist/donuteater.wav,#donuteater,Gray,,#HalfLife_Scientist,,,
scientist/doyousmell.wav,#doyousmell,Gray,,#HalfLife_Scientist,,,
scientist/evergetout.wav,#evergetout,Gray,,#HalfLife_Scientist,,,
scientist/erseen.wav,#erseen,Gray,,#HalfLife_Scientist,,,
scientist/excellentteam.wav,#excellentteam,Gray,,#HalfLife_Scientist,,,
scientist/excuse.wav,#excuse,Gray,,#HalfLife_Scientist,,,
scientist/fascinating.wav,#fascinating,Gray,,#HalfLife_Scientist,,,
scientist/fellowscientist.wav,#fellowscientist,Gray,,#HalfLife_Scientist,,,
scientist/fine.wav,#fine,Gray,,#HalfLife_Scientist,,,
scientist/freeman.wav,#freeman,Gray,,#HalfLife_Scientist,,,
scientist/freemanalive.wav,#freemanalive,Gray,,#HalfLife_Scientist,,,
scientist/fusionshunt.wav,#fusionshunt,Gray,,#HalfLife_Scientist,,,
scientist/getoutalive.wav,#getoutalive,Gray,,#HalfLife_Scientist,,,
scientist/getoutofhere.wav,#getoutofhere,Gray,,#HalfLife_Scientist,,,
scientist/goodpaper.wav,#goodpaper,Gray,,#HalfLife_Scientist,,,
scientist/goodtoseeyou.wav,#goodtoseeyou,Gray,,#HalfLife_Scientist,,,
scientist/gottogetout.wav,#gottogetout,Gray,,#HalfLife_Scientist,,,
scientist/greetings.wav,#greetings,Gray,,#HalfLife_Scientist,,,
scientist/greetings2.wav,#greetings2,Gray,,#HalfLife_Scientist,,,
scientist/headcrab.wav,#headcrab,Gray,,#HalfLife_Scientist,,,
scientist/heal1.wav,#heal1,Gray,,#HalfLife_Scientist,,,
scientist/heal2.wav,#heal2,Gray,,#HalfLife_Scientist,,,
scientist/heal3.wav,#heal3,Gray,,#HalfLife_Scientist,,,
scientist/heal4.wav,#heal4,Gray,,#HalfLife_Scientist,,,
scientist/heal5.wav,#heal5,Gray,,#HalfLife_Scientist,,,
scientist/hearsomething.wav,#hearsomething,Gray,,#HalfLife_Scientist,,,
scientist/hello.wav,#hello,Gray,,#HalfLife_Scientist,,,
scientist/hello2.wav,#hello2,Gray,,#HalfLife_Scientist,,,
scientist/hellofreeman.wav,#hellofreeman,Gray,,#HalfLife_Scientist,,,
scientist/hellofromlab.wav,#hellofromlab,Gray,,#HalfLife_Scientist,,,
scientist/hellothere.wav,#hellothere,Gray,,#HalfLife_Scientist,,,
scientist/hideglasses.wav,#hideglasses,Gray,,#HalfLife_Scientist,,,
scientist/holdstill.wav,#holdstill,Gray,,#HalfLife_Scientist,,,
scientist/hopenominal.wav,#hopenominal,Gray,,#HalfLife_Scientist,,,
scientist/hopeyouknow.wav,#hopeyouknow,Gray,,#HalfLife_Scientist,,,
scientist/howinteresting.wav,#howinteresting,Gray,,#HalfLife_Scientist,,,
scientist/hungryyet.wav,#hungryyet,Gray,,#HalfLife_Scientist,,,
scientist/ibelieveso.wav,#ibelieveso,Gray,,#HalfLife_Scientist,,,
scientist/idontthinkso.wav,#idontthinkso,Gray,,#HalfLife_Scientist,,,
scientist/ihearsomething.wav,#ihearsomething,Gray,,#HalfLife_Scientist,,,
scientist/illwait.wav,#illwait,Gray,,#HalfLife_Scientist,,,
scientist/illwaithere.wav,#illwaithere,Gray,,#HalfLife_Scientist,,,
scientist/importantspecies.wav,#importantspecies,Gray,,#HalfLife_Scientist,,,
scientist/improbable.wav,#improbable,Gray,,#HalfLife_Scientist,,,
scientist/imsure.wav,#imsure,Gray,,#HalfLife_Scientist,,,
scientist/inconclusive.wav,#inconclusive,Gray,,#HalfLife_Scientist,,,
scientist/inmesstoo.wav,#inmesstoo,Gray,,#HalfLife_Scientist,,,
scientist/ipredictedthis.wav,#ipredictedthis,Gray,,#HalfLife_Scientist,,,
scientist/istay.wav,#istay,Gray,,#HalfLife_Scientist,,,
scientist/iwounded.wav,#iwounded,Gray,,#HalfLife_Scientist,,,
scientist/iwounded2.wav,#iwounded2,Gray,,#HalfLife_Scientist,,,
scientist/iwoundedbad.wav,#iwoundedbad,Gray,,#HalfLife_Scientist,,,
scientist/justasked.wav,#justasked,Gray,,#HalfLife_Scientist,,,
scientist/lambdalab.wav,#lambdalab,Gray,,#HalfLife_Scientist,,,
scientist/leadtheway.wav,#leadtheway,Gray,,#HalfLife_Scientist,,,
scientist/leavingme.wav,#leavingme,Gray,,#HalfLife_Scientist,,,
scientist/letmehelp.wav,#letmehelp,Gray,,#HalfLife_Scientist,,,
scientist/letsgo.wav,#letsgo,Gray,,#HalfLife_Scientist,,,
scientist/letstrythis.wav,#letstrythis,Gray,,#HalfLife_Scientist,,,
scientist/letyouin.wav,#letyouin,Gray,,#HalfLife_Scientist,,,
scientist/limitsok.wav,#limitsok,Gray,,#HalfLife_Scientist,,,
scientist/lowervoice.wav,#lowervoice,Gray,,#HalfLife_Scientist,,,
scientist/luckwillchange.wav,#luckwillchange,Gray,,#HalfLife_Scientist,,,
scientist/madness.wav,#madness,Gray,,#HalfLife_Scientist,,,
scientist/needsleep.wav,#needsleep,Gray,,#HalfLife_Scientist,,,
scientist/neverseen.wav,#neverseen,Gray,,#HalfLife_Scientist,,,
scientist/newhevsuit.wav,#newhevsuit,Gray,,#HalfLife_Scientist,,,
scientist/newsample.wav,#newsample,Gray,,#HalfLife_Scientist,,,
scientist/nodoubt.wav,#nodoubt,Gray,,#HalfLife_Scientist,,,
scientist/nogrant.wav,#nogrant,Gray,,#HalfLife_Scientist,,,
scientist/noguess.wav,#noguess,Gray,,#HalfLife_Scientist,,,
scientist/noidea.wav,#noidea,Gray,,#HalfLife_Scientist,,,
scientist/noo.wav,#noo,Gray,,#HalfLife_Scientist,,,
scientist/nooo.wav,#nooo,Gray,,#HalfLife_Scientist,,,
scientist/noplease.wav,#noplease,Gray,,#HalfLife_Scientist,,,
scientist/notcertain.wav,#notcertain,Gray,,#HalfLife_Scientist,,,
scientist/nothostile.wav,#nothostile,Gray,,#HalfLife_Scientist,,,
scientist/notsure.wav,#notsure,Gray,,#HalfLife_Scientist,,,
scientist/odorfromyou.wav,#odorfromyou,Gray,,#HalfLife_Scientist,,,
scientist/ofcourse.wav,#ofcourse,Gray,,#HalfLife_Scientist,,,
scientist/ofcoursenot.wav,#ofcoursenot,Gray,,#HalfLife_Scientist,,,
scientist/okgetout.wav,#okgetout,Gray,,#HalfLife_Scientist,,,
scientist/okihope.wav,#okihope,Gray,,#HalfLife_Scientist,,,
scientist/organicmatter.wav,#organicmatter,Gray,,#HalfLife_Scientist,,,
scientist/peculiarmarks.wav,#peculiarmarks,Gray,,#HalfLife_Scientist,,,
scientist/peculiarodor.wav,#peculiarodor,Gray,,#HalfLife_Scientist,,,
scientist/perfectday.wav,#perfectday,Gray,,#HalfLife_Scientist,,,
scientist/perhaps.wav,#perhaps,Gray,,#HalfLife_Scientist,,,
scientist/positively.wav,#positively,Gray,,#HalfLife_Scientist,,,
scientist/purereadings.wav,#purereadings,Gray,,#HalfLife_Scientist,,,
scientist/recalculate.wav,#recalculate,Gray,,#HalfLife_Scientist,,,
scientist/reconsider.wav,#reconsider,Gray,,#HalfLife_Scientist,,,
scientist/repeat.wav,#repeat,Gray,,#HalfLife_Scientist,,,
scientist/reportflux.wav,#reportflux,Gray,,#HalfLife_Scientist,,,
scientist/rescueus.wav,#rescueus,Gray,,#HalfLife_Scientist,,,
scientist/ridiculous.wav,#ridiculous,Gray,,#HalfLife_Scientist,,,
scientist/right.wav,#right,Gray,,#HalfLife_Scientist,,,
scientist/rightwayout.wav,#rightwayout,Gray,,#HalfLife_Scientist,,,
scientist/rumorclean.wav,#rumorclean,Gray,,#HalfLife_Scientist,,,
scientist/runtest.wav,#runtest,Gray,,#HalfLife_Scientist,,,
scientist/sci_aftertest.wav,#sci_aftertest,Gray,,#HalfLife_Scientist,,,
scientist/sci_alone.wav,#sci_alone,Gray,,#HalfLife_Scientist,,,
scientist/sci_bother.wav,#sci_bother,Gray,,#HalfLife_Scientist,,,
scientist/sci_busy.wav,#sci_busy,Gray,,#HalfLife_Scientist,,,
scientist/sci_fear6.wav,#sci_fear6,Gray,,#HalfLife_Scientist,,,
scientist/sci_fear7.wav,#sci_fear7,Gray,,#HalfLife_Scientist,,,
scientist/sci_fear11.wav,#sci_fear11,Gray,,#HalfLife_Scientist,,,
scientist/sci_fear12.wav,#sci_fear12,Gray,,#HalfLife_Scientist,,,
scientist/sci_fear13.wav,#sci_fear13,Gray,,#HalfLife_Scientist,,,
scientist/sci_fear14.wav,#sci_fear14,Gray,,#HalfLife_Scientist,,,
*scientist/sci_pain3.wav,#sci_pain3,Gray,,#HalfLife_Scientist,,,
scientist/sci_pain6.wav,#sci_pain6,Gray,,#HalfLife_Scientist,,,
scientist/sci_pain7.wav,#sci_pain7,Gray,,#HalfLife_Scientist,,,
scientist/sci_pain8.wav,#sci_pain8,Gray,,#HalfLife_Scientist,,,
scientist/sci_pain9.wav,#sci_pain9,Gray,,#HalfLife_Scientist,,,
scientist/sci_pain10.wav,#sci_pain10,Gray,,#HalfLife_Scientist,,,
scientist/sci_somewhere.wav,#sci_somewhere,Gray,,#HalfLife_Scientist,,,
scientist/scream10.wav,#scream10,Gray,,#HalfLife_Scientist,,,
scientist/scream11.wav,#scream11,Gray,,#HalfLife_Scientist,,,
scientist/scream12.wav,#scream12,Gray,,#HalfLife_Scientist,,,
scientist/scream13.wav,#scream13,Gray,,#HalfLife_Scientist,,,
scientist/seencup.wav,#seencup,Gray,,#HalfLife_Scientist,,,
scientist/shakeunification.wav,#shakeunification,Gray,,#HalfLife_Scientist,,,
scientist/shutdownchart.wav,#shutdownchart,Gray,,#HalfLife_Scientist,,,
scientist/shutup.wav,#shutup,Gray,,#HalfLife_Scientist,,,
scientist/shutup2.wav,#shutup2,Gray,,#HalfLife_Scientist,,,
scientist/simulation.wav,#simulation,Gray,,#HalfLife_Scientist,,,
scientist/slowingyou.wav,#slowingyou,Gray,,#HalfLife_Scientist,,,
scientist/smellburn.wav,#smellburn,Gray,,#HalfLife_Scientist,,,
scientist/softethics.wav,#softethics,Gray,,#HalfLife_Scientist,,,
scientist/sorryimleaving.wav,#sorryimleaving,Gray,,#HalfLife_Scientist,,,
scientist/somethingfoul.wav,#somethingfoul,Gray,,#HalfLife_Scientist,,,
scientist/startle5.wav,#startle5,Gray,,#HalfLife_Scientist,,,
scientist/startle6.wav,#startle6,Gray,,#HalfLife_Scientist,,,
scientist/startle7.wav,#startle7,Gray,,#HalfLife_Scientist,,,
scientist/startle8.wav,#startle8,Gray,,#HalfLife_Scientist,,,
scientist/startle9.wav,#startle9,Gray,,#HalfLife_Scientist,,,
scientist/statusreport.wav,#statusreport,Gray,,#HalfLife_Scientist,,,
scientist/stench.wav,#stench,Gray,,#HalfLife_Scientist,,,
scientist/stimulating.wav,#stimulating,Gray,,#HalfLife_Scientist,,,
scientist/stop1.wav,#stop1,Gray,,#HalfLife_Scientist,,,
scientist/stop2.wav,#stop2,Gray,,#HalfLife_Scientist,,,
scientist/stop3.wav,#stop3,Gray,,#HalfLife_Scientist,,,
scientist/stop4.wav,#stop4,Gray,,#HalfLife_Scientist,,,
scientist/stopasking.wav,#stopasking,Gray,,#HalfLife_Scientist,,,
scientist/stopattacking.wav,#stopattacking,Gray,,#HalfLife_Scientist,,,
scientist/survival.wav,#survival,Gray,,#HalfLife_Scientist,,,
scientist/thatsodd.wav,#thatsodd,Gray,,#HalfLife_Scientist,,,
scientist/theoretically.wav,#theoretically,Gray,,#HalfLife_Scientist,,,
scientist/thiswillhelp.wav,#thiswillhelp,Gray,,#HalfLife_Scientist,,,
scientist/tunedtoday.wav,#tunedtoday,Gray,,#HalfLife_Scientist,,,
scientist/tunnelcalc.wav,#tunnelcalc,Gray,,#HalfLife_Scientist,,,
scientist/uselessphd.wav,#uselessphd,Gray,,#HalfLife_Scientist,,,
scientist/weartie.wav,#weartie,Gray,,#HalfLife_Scientist,,,
scientist/whatnext.wav,#whatnext,Gray,,#HalfLife_Scientist,,,
scientist/whatyoudoing.wav,#whatyoudoing,Gray,,#HalfLife_Scientist,,,
scientist/whocansay.wav,#whocansay,Gray,,#HalfLife_Scientist,,,
scientist/whoresponsible.wav,#whoresponsible,Gray,,#HalfLife_Scientist,,,
scientist/whyaskme.wav,#whyaskme,Gray,,#HalfLife_Scientist,,,
scientist/whyleave.wav,#whyleave,Gray,,#HalfLife_Scientist,,,
scientist/yees.wav,#yees,Gray,,#HalfLife_Scientist,,,
scientist/yes.wav,#yes,Gray,,#HalfLife_Scientist,,,
scientist/yes2.wav,#yes2,Gray,,#HalfLife_Scientist,,,
scientist/yes3.wav,#yes3,Gray,,#HalfLife_Scientist,,,
scientist/yesletsgo.wav,#yesletsgo,Gray,,#HalfLife_Scientist,,,
scientist/youinsane.wav,#youinsane,Gray,,#HalfLife_Scientist,,,
scientist/youlookbad.wav,#youlookbad,Gray,,#HalfLife_Scientist,,,
scientist/youlookbad2.wav,#youlookbad2,Gray,,#HalfLife_Scientist,,,
scientist/youneedmedic.wav,#youneedmedic,Gray,,#HalfLife_Scientist,,,
scientist/youwounded.wav,#youwounded,Gray,,#HalfLife_Scientist,,,
HT01_0,#HT01_0,SweetRed,,#HalfLife_VOX,,,
HT01_1,#HT01_1,SweetRed,,#HalfLife_VOX,,,
HT01_2,#HT01_2,SweetRed,,#HalfLife_VOX,,,
HT01_3,#HT01_3,SweetRed,,#HalfLife_VOX,,,
HT01_4,#HT01_4,SweetRed,,#HalfLife_VOX,,,
HT01_5,#HT01_5,SweetRed,,#HalfLife_VOX,,,
HT01_6,#HT01_6,SweetRed,,#HalfLife_VOX,,,
HT01_7,#HT01_7,SweetRed,,#HalfLife_VOX,,,
HT01_8,#HT01_8,SweetRed,,#HalfLife_VOX,,,
HT01_9,#HT01_9,SweetRed,,#HalfLife_VOX,,,
HT05_0,#HT05_0,SweetRed,,#HalfLife_VOX,,,
HT05_1,#HT05_1,SweetRed,,#HalfLife_VOX,,,
HT05_2,#HT05_2,SweetRed,,#HalfLife_VOX,,,
HT05_3,#HT05_3,SweetRed,,#HalfLife_VOX,,,
HT05_4,#HT05_4,SweetRed,,#HalfLife_VOX,,,
HT05_5,#HT05_5,SweetRed,,#HalfLife_VOX,,,
HT05_6,#HT05_6,SweetRed,,#HalfLife_VOX,,,
HT05_7,#HT05_7,SweetRed,,#HalfLife_VOX,,,
HT05_8,#HT05_8,SweetRed,,#HalfLife_VOX,,,
CROSSDOOR,#CROSSDOOR,SweetRed,,#HalfLife_VOX,,,
GREENDOOR,#GREENDOOR,SweetRed,,#HalfLife_VOX,,,
GREENDOOR2,#GREENDOOR,SweetRed,,#HalfLife_VOX,,,
scientist/crossgreen.wav,#crossgreen,SweetRed,,#HalfLife_VOX,,,
scientist/d01_sci01_waiting.wav,#d01_sci01_waiting,Gray,,#HalfLife_Scientist,,,
scientist/d01_sci02_door.wav,#d01_sci02_door,Gray,,#HalfLife_Scientist,,,
scientist/d01_sci03_reregister.wav,#d01_sci03_reregister,Gray,,#HalfLife_Scientist,,,
scientist/d01_sci04_oneatatime.wav,#d01_sci04_oneatatime,Gray,,#HalfLife_Scientist,,,
scientist/d01_sci05_bestillcross.wav,#d01_sci05_bestillcross,Gray,,#HalfLife_Scientist,,,
scientist/d01_sci06_dontmovegreen.wav,#d01_sci06_dontmovegreen,Gray,,#HalfLife_Scientist,,,
scientist/d01_sci07_spectrometer.wav,#d01_sci07_spectrometer,Gray,,#HalfLife_Scientist,,,
scientist/d01_sci08_pushsample.wav,#d01_sci08_pushsample,Gray,,#HalfLife_Scientist,,,
scientist/d01_sci09_pushsample2.wav,#d01_sci09_pushsample2,Gray,,#HalfLife_Scientist,,,
scientist/d01_sci10_interesting.wav,#d01_sci10_interesting,Gray,,#HalfLife_Scientist,,,
scientist/d01_sci11_shouldnthappen.wav,#d01_sci11_shouldnthappen,Gray,,#HalfLife_Scientist,,,
scientist/d01_sci12_impossible.wav,#d01_sci12_impossible,Gray,,#HalfLife_Scientist,,,
scientist/d01_sci13_jammed.wav,#d01_sci13_jammed,Gray,,#HalfLife_Scientist,,,
scientist/d01_sci14_right.wav,#d01_sci14_right,Gray,,#HalfLife_Scientist,,,
scientist/d01_sci15_onschedule.wav,#d01_sci15_onschedule,Gray,,#HalfLife_Scientist,,,
scientist/d01_sci16_standby.wav,#d01_sci16_standby,Gray,,#HalfLife_Scientist,,,
scientist/d01_sci17_secondary.wav,#d01_sci17_secondary,Gray,,#HalfLife_Scientist,,,
scientist/d01_sci18_wontshutdown.wav,#d01_sci18_wontshutdown,Gray,,#HalfLife_Scientist,,,
scientist/d08_sci01_idnumber.wav,#d08_sci01_idnumber,Gray,,#HalfLife_Scientist,,,
scientist/helloladies.wav,#helloladies,Gray,,#HalfLife_Scientist,,,
scientist/icanhelp.wav,#icanhelp,Gray,,#HalfLife_Scientist,,,
scientist/idiotic.wav,#idiotic,Gray,,#HalfLife_Scientist,,,
scientist/safetyinnumbers.wav,#safetyinnumbers,Gray,,#HalfLife_Scientist,,,
scientist/shesgonemad.wav,#shesgonemad,Gray,,#HalfLife_Scientist,,,
scientist/sunsets.wav,#sunsets,Gray,,#HalfLife_Scientist,,,
scientist/thatsmell.wav,#thatsmell,Gray,,#HalfLife_Scientist,,,
scientist/ties.wav,#ties,Gray,,#HalfLife_Scientist,,,
scientist/underbarrel.wav,#underbarrel,Gray,,#HalfLife_Scientist,,,
scientist/keller.wav,#keller,Gray,,#HalfLife_Scientist,,,
scientist/assist.wav,#assist,Gray,,#HalfLife_Scientist,,,
scientist/c1a0_sci_dis1d.wav,#c1a0_sci_dis1d,Gray,,#HalfLife_Scientist,,,
scientist/c1a0_sci_dis2a.wav,#c1a0_sci_dis2a,Gray,,#HalfLife_Scientist,,,
scientist/c1a0_sci_dis3a.wav,#c1a0_sci_dis3a,Gray,,#HalfLife_Scientist,,,
scientist/c1a0_sci_dis5a.wav,#c1a0_sci_dis5a,Gray,,#HalfLife_Scientist,,,
scientist/c1a0_sci_dis10a.wav,#c1a0_sci_dis10a,Gray,,#HalfLife_Scientist,,,
scientist/c1a0_sci_dis9a.wav,#c1a0_sci_dis9a,Gray,,#HalfLife_Scientist,,,
scientist/c1a0_sci_dis11a.wav,#c1a0_sci_dis11a,Gray,,#HalfLife_Scientist,,,
scientist/c1a0_sci_dis6a.wav,#c1a0_sci_dis6a,Gray,,#HalfLife_Scientist,,,
scientist/c1a0_sci_dis16a.wav,#c1a0_sci_dis16a,Gray,,#HalfLife_Scientist,,,
scientist/c1a0_sci_dis15a.wav,#c1a0_sci_dis15a,Gray,,#HalfLife_Scientist,,,
scientist/b01_sci01_whereami.wav,#b01_sci01_whereami,Gray,,#HalfLife_Scientist,,,
scientist/b01_sci02_briefcase.wav,#b01_sci02_briefcase,Gray,,#HalfLife_Scientist,,,
scientist/b01_sci03_sirplease.wav,#b01_sci03_sirplease,Gray,,#HalfLife_Scientist,,,
scientist/overhere.wav,#overhere,Gray,,#HalfLife_Scientist,,,
barney/ba_door0.wav,#ba_door0,Blue,,#HalfLife_Security,,,
barney/ba_door1.wav,#ba_door1,Blue,,#HalfLife_Security,,,
barney/ba_attacking0.wav,#ba_attacking0,Blue,,#HalfLife_Security,,,
barney/ba_attacking1.wav,#ba_attacking1,Blue,,#HalfLife_Security,,,
barney/ba_attacking2.wav,#ba_attacking2,Blue,,#HalfLife_Security,,,
barney/ba_becareful0.wav,#ba_becareful0,Blue,,#HalfLife_Security,,,
barney/ba_becareful1.wav,#ba_becareful1,Blue,,#HalfLife_Security,,,
barney/ba_cure0.wav,#ba_cure0,Blue,,#HalfLife_Security,,,
barney/ba_cure1.wav,#ba_cure1,Blue,,#HalfLife_Security,,,
barney/ba_hello0.wav,#ba_hello0,Blue,,#HalfLife_Security,,,
barney/ba_hello1.wav,#ba_hello1,Blue,,#HalfLife_Security,,,
barney/ba_help0.wav,#ba_help0,Blue,,#HalfLife_Security,,,
barney/ba_ht01_01.wav,#ba_ht01_01,Blue,,#HalfLife_Security,,,
barney/ba_ht01_02.wav,#ba_ht01_02,Blue,,#HalfLife_Security,,,
barney/ba_ht01_03.wav,#ba_ht01_03,Blue,,#HalfLife_Security,,,
barney/ba_ht01_04.wav,#ba_ht01_04,Blue,,#HalfLife_Security,,,
barney/ba_ht01_05.wav,#ba_ht01_05,Blue,,#HalfLife_Security,,,
barney/ba_ht01_06.wav,#ba_ht01_06,Blue,,#HalfLife_Security,,,
barney/ba_ht06_01.wav,#ba_ht06_01,Blue,,#HalfLife_Security,,,
barney/ba_ht06_02_alt.wav,#ba_ht06_02_alt,Blue,,#HalfLife_Security,,,
barney/ba_ht06_03.wav,#ba_ht06_03,Blue,,#HalfLife_Security,,,
barney/ba_ht06_03_alt.wav,#ba_ht06_03_alt,Blue,,#HalfLife_Security,,,
barney/ba_ht06_04.wav,#ba_ht06_04,Blue,,#HalfLife_Security,,,
barney/ba_ht06_05.wav,#ba_ht06_05,Blue,,#HalfLife_Security,,,
barney/ba_ht06_06.wav,#ba_ht06_06,Blue,,#HalfLife_Security,,,
barney/ba_ht06_07.wav,#ba_ht06_07,Blue,,#HalfLife_Security,,,
barney/ba_ht06_08.wav,#ba_ht06_08,Blue,,#HalfLife_Security,,,
barney/ba_ht06_09.wav,#ba_ht06_09,Blue,,#HalfLife_Security,,,
barney/ba_ht06_10.wav,#ba_ht06_10,Blue,,#HalfLife_Security,,,
barney/ba_ht06_11.wav,#ba_ht06_11,Blue,,#HalfLife_Security,,,
barney/ba_ht08_01.wav,#ba_ht08_01,Blue,,#HalfLife_Security,,,
barney/ba_ht08_01_alt.wav,#ba_ht08_01_alt,Blue,,#HalfLife_Security,,,
barney/ba_ht08_01_alt2.wav,#ba_ht08_01_alt2,Blue,,#HalfLife_Security,,,
barney/ba_ht08_02.wav,#ba_ht08_02,Blue,,#HalfLife_Security,,,
barney/ba_ht08_03.wav,#ba_ht08_03,Blue,,#HalfLife_Security,,,
barney/ba_idle0.wav,#ba_idle0,Blue,,#HalfLife_Security,,,
barney/ba_idle1.wav,#ba_idle1,Blue,,#HalfLife_Security,,,
barney/ba_idle2.wav,#ba_idle2,Blue,,#HalfLife_Security,,,
barney/ba_idle3.wav,#ba_idle3,Blue,,#HalfLife_Security,,,
barney/ba_idle4.wav,#ba_idle4,Blue,,#HalfLife_Security,,,
barney/ba_idle5.wav,#ba_idle5,Blue,,#HalfLife_Security,,,
barney/ba_idle6.wav,#ba_idle6,Blue,,#HalfLife_Security,,,
barney/ba_kill0.wav,#ba_kill0,Blue,,#HalfLife_Security,,,
barney/ba_kill1.wav,#ba_kill1,Blue,,#HalfLife_Security,,,
barney/ba_kill2.wav,#ba_kill2,Blue,,#HalfLife_Security,,,
barney/ba_lead0.wav,#ba_lead0,Blue,,#HalfLife_Security,,,
barney/ba_lead1.wav,#ba_lead1,Blue,,#HalfLife_Security,,,
barney/ba_lead2.wav,#ba_lead2,Blue,,#HalfLife_Security,,,
barney/ba_mad0.wav,#ba_mad0,Blue,,#HalfLife_Security,,,
barney/ba_mad1.wav,#ba_mad1,Blue,,#HalfLife_Security,,,
barney/ba_mad2.wav,#ba_mad2,Blue,,#HalfLife_Security,,,
barney/ba_mad3.wav,#ba_mad3,Blue,,#HalfLife_Security,,,
barney/ba_ok0.wav,#ba_ok0,Blue,,#HalfLife_Security,,,
barney/ba_ok1.wav,#ba_ok1,Blue,,#HalfLife_Security,,,
barney/ba_ok2.wav,#ba_ok2,Blue,,#HalfLife_Security,,,
barney/ba_ok3.wav,#ba_ok3,Blue,,#HalfLife_Security,,,
barney/ba_ok4.wav,#ba_ok4,Blue,,#HalfLife_Security,,,
barney/ba_ok5.wav,#ba_ok5,Blue,,#HalfLife_Security,,,
barney/ba_plfear0.wav,#ba_plfear0,Blue,,#HalfLife_Security,,,
barney/ba_pok0.wav,#ba_pok0,Blue,,#HalfLife_Security,,,
barney/ba_pok1.wav,#ba_pok1,Blue,,#HalfLife_Security,,,
barney/ba_pok2.wav,#ba_pok2,Blue,,#HalfLife_Security,,,
barney/ba_pok3.wav,#ba_pok3,Blue,,#HalfLife_Security,,,
barney/ba_shot0.wav,#ba_shot0,Blue,,#HalfLife_Security,,,
barney/ba_shot1.wav,#ba_shot1,Blue,,#HalfLife_Security,,,
barney/ba_shot2.wav,#ba_shot2,Blue,,#HalfLife_Security,,,
barney/ba_stare0.wav,#ba_stare0,Blue,,#HalfLife_Security,,,
barney/ba_stare1.wav,#ba_stare1,Blue,,#HalfLife_Security,,,
barney/ba_stare2.wav,#ba_stare2,Blue,,#HalfLife_Security,,,
barney/ba_stare3.wav,#ba_stare3,Blue,,#HalfLife_Security,,,
barney/ba_stop0.wav,#ba_stop0,Blue,,#HalfLife_Security,,,
barney/ba_stop1.wav,#ba_stop1,Blue,,#HalfLife_Security,,,
barney/ba_wait0.wav,#ba_wait0,Blue,,#HalfLife_Security,,,
barney/ba_wait1.wav,#ba_wait1,Blue,,#HalfLife_Security,,,
barney/ba_wait2.wav,#ba_wait2,Blue,,#HalfLife_Security,,,
barney/ba_wait3.wav,#ba_wait3,Blue,,#HalfLife_Security,,,
barney/ba_wait4.wav,#ba_wait4,Blue,,#HalfLife_Security,,,
keller/dk_01_cascade.wav,#dk_01_cascade,Gray,,#HalfLife_Keller,,,
keller/dk_01_collapsed.wav,#dk_01_collapsed,Gray,,#HalfLife_Keller,,,
keller/dk_01_concern.wav,#dk_01_concern,Gray,,#HalfLife_Keller,,,
keller/dk_01_decision.wav,#dk_01_decision,Gray,,#HalfLife_Keller,,,
keller/dk_01_failed.wav,#dk_01_failed,Gray,,#HalfLife_Keller,,,
keller/dk_01_finished.wav,#dk_01_finished,Gray,,#HalfLife_Keller,,,
keller/dk_01_gonewrong.wav,#dk_01_gonewrong,Gray,,#HalfLife_Keller,,,
keller/dk_01_gottodeal.wav,#dk_01_gottodeal,Gray,,#HalfLife_Keller,,,
keller/dk_01_kleiner.wav,#dk_01_kleiner,Gray,,#HalfLife_Keller,,,
keller/dk_01_late.wav,#dk_01_late,Gray,,#HalfLife_Keller,,,
keller/dk_01_needspect.wav,#dk_01_needspect,Gray,,#HalfLife_Keller,,,
keller/dk_01_plan.wav,#dk_01_plan,Gray,,#HalfLife_Keller,,,
keller/dk_01_rosenberg.wav,#dk_01_rosenberg,Gray,,#HalfLife_Keller,,,
keller/dk_01_shortcut.wav,#dk_01_shortcut,Gray,,#HalfLife_Keller,,,
keller/dk_01_spectrom.wav,#dk_01_spectrom,Gray,,#HalfLife_Keller,,,
keller/dk_01_started.wav,#dk_01_started,Gray,,#HalfLife_Keller,,,
keller/dk_01_storage.wav,#dk_01_storage,Gray,,#HalfLife_Keller,,,
keller/dk_01_survived.wav,#dk_01_survived,Gray,,#HalfLife_Keller,,,
keller/dk_01_tolman.wav,#dk_01_tolman,Gray,,#HalfLife_Keller,,,
keller/dk_01_yesgood.wav,#dk_01_yesgood,Gray,,#HalfLife_Keller,,,
keller/dk_03_notime.wav,#dk_03_notime,Gray,,#HalfLife_Keller,,,
keller/dk_04_bewary.wav,#dk_04_bewary,Gray,,#HalfLife_Keller,,,
keller/dk_04_bringtram.wav,#dk_04_bringtram,Gray,,#HalfLife_Keller,,,
keller/dk_04_bulkhead.wav,#dk_04_bulkhead,Gray,,#HalfLife_Keller,,,
keller/dk_04_disenergy.wav,#dk_04_disenergy,Gray,,#HalfLife_Keller,,,
keller/dk_04_excellent.wav,#dk_04_excellent,Gray,,#HalfLife_Keller,,,
keller/dk_04_goonway.wav,#dk_04_goonway,Gray,,#HalfLife_Keller,,,
keller/dk_04_ididit.wav,#dk_04_ididit,Gray,,#HalfLife_Keller,,,
keller/dk_04_interfere.wav,#dk_04_interfere,Gray,,#HalfLife_Keller,,,
keller/dk_04_letssee.wav,#dk_04_letssee,Gray,,#HalfLife_Keller,,,
keller/dk_04_monsters.wav,#dk_04_monsters,Gray,,#HalfLife_Keller,,,
keller/dk_04_onwaythen.wav,#dk_04_onwaythen,Gray,,#HalfLife_Keller,,,
keller/dk_04_otherdamp.wav,#dk_04_otherdamp,Gray,,#HalfLife_Keller,,,
keller/dk_04_primlock.wav,#dk_04_primlock,Gray,,#HalfLife_Keller,,,
keller/dk_04_primreset.wav,#dk_04_primreset,Gray,,#HalfLife_Keller,,,
keller/dk_04_resetdamp.wav,#dk_04_resetdamp,Gray,,#HalfLife_Keller,,,
keller/dk_04_resetnow.wav,#dk_04_resetnow,Gray,,#HalfLife_Keller,,,
keller/dk_04_secfirst.wav,#dk_04_secfirst,Gray,,#HalfLife_Keller,,,
keller/dk_04_testing.wav,#dk_04_testing,Gray,,#HalfLife_Keller,,,
keller/dk_04_toomuch.wav,#dk_04_toomuch,Gray,,#HalfLife_Keller,,,
keller/dk_04_transmit.wav,#dk_04_transmit,Gray,,#HalfLife_Keller,,,
keller/dk_04_weakspot.wav,#dk_04_weakspot,Gray,,#HalfLife_Keller,,,
keller/dk_05_gladalive.wav,#dk_05_gladalive,Gray,,#HalfLife_Keller,,,
keller/dk_05_gotodorms.wav,#dk_05_gotodorms,Gray,,#HalfLife_Keller,,,
keller/dk_05_havecode.wav,#dk_05_havecode,Gray,,#HalfLife_Keller,,,
keller/dk_05_haveguard.wav,#dk_05_haveguard,Gray,,#HalfLife_Keller,,,
keller/dk_05_mustseal.wav,#dk_05_mustseal,Gray,,#HalfLife_Keller,,,
keller/dk_05_needcodes.wav,#dk_05_needcodes,Gray,,#HalfLife_Keller,,,
keller/dk_05_needguard.wav,#dk_05_needguard,Gray,,#HalfLife_Keller,,,
keller/dk_05_nofoolish.wav,#dk_05_nofoolish,Gray,,#HalfLife_Keller,,,
keller/dk_05_onceorbit.wav,#dk_05_onceorbit,Gray,,#HalfLife_Keller,,,
keller/dk_05_otherside.wav,#dk_05_otherside,Gray,,#HalfLife_Keller,,,
keller/dk_07_basement.wav,#dk_07_basement,Gray,,#HalfLife_Keller,,,
keller/dk_07_lockout.wav,#dk_07_lockout,Gray,,#HalfLife_Keller,,,
keller/dk_07_online.wav,#dk_07_online,Gray,,#HalfLife_Keller,,,
keller/dk_10_beacon.wav,#dk_10_beacon,Gray,,#HalfLife_Keller,,,
keller/dk_10_goingon.wav,#dk_10_goingon,Gray,,#HalfLife_Keller,,,
keller/dk_10_jammed.wav,#dk_10_jammed,Gray,,#HalfLife_Keller,,,
keller/dk_10_receiving.wav,#dk_10_receiving,Gray,,#HalfLife_Keller,,,
keller/dk_10_working.wav,#dk_10_working,Gray,,#HalfLife_Keller,,,
keller/dk_11_activate.wav,#dk_11_activate,Gray,,#HalfLife_Keller,,,
keller/dk_11_bothin.wav,#dk_11_bothin,Gray,,#HalfLife_Keller,,,
keller/dk_11_elevator.wav,#dk_11_elevator,Gray,,#HalfLife_Keller,,,
keller/dk_11_goodwork.wav,#dk_11_goodwork,Gray,,#HalfLife_Keller,,,
keller/dk_11_greatdone.wav,#dk_11_greatdone,Gray,,#HalfLife_Keller,,,
keller/dk_11_matrixact.wav,#dk_11_matrixact,Gray,,#HalfLife_Keller,,,
keller/dk_11_unlock.wav,#dk_11_unlock,Gray,,#HalfLife_Keller,,,
keller/dk_11_upstairs.wav,#dk_11_upstairs,Gray,,#HalfLife_Keller,,,
keller/dk_12_allactive.wav,#dk_12_allactive,Gray,,#HalfLife_Keller,,,
keller/dk_12_attbeacon.wav,#dk_12_attbeacon,Gray,,#HalfLife_Keller,,,
keller/dk_12_beacon1.wav,#dk_12_beacon1,Gray,,#HalfLife_Keller,,,
keller/dk_12_blastbunker.wav,#dk_12_blastbunker,Gray,,#HalfLife_Keller,,,
keller/dk_12_bunker.wav,#dk_12_bunker,Gray,,#HalfLife_Keller,,,
keller/dk_12_bunkerfail.wav,#dk_12_bunkerfail,Gray,,#HalfLife_Keller,,,
keller/dk_12_bunkeropen.wav,#dk_12_bunkeropen,Gray,,#HalfLife_Keller,,,
keller/dk_12_critical1.wav,#dk_12_critical1,Gray,,#HalfLife_Keller,,,
keller/dk_12_critical2.wav,#dk_12_critical2,Gray,,#HalfLife_Keller,,,
keller/dk_12_deploy1.wav,#dk_12_deploy1,Gray,,#HalfLife_Keller,,,
keller/dk_12_donewell.wav,#dk_12_donewell,Gray,,#HalfLife_Keller,,,
keller/dk_12_dontcare.wav,#dk_12_dontcare,Gray,,#HalfLife_Keller,,,
keller/dk_12_failed.wav,#dk_12_failed,Gray,,#HalfLife_Keller,,,
keller/dk_12_final20.wav,#dk_12_final20,Gray,,#HalfLife_Keller,,,
keller/dk_12_final75.wav,#dk_12_final75,Gray,,#HalfLife_Keller,,,
keller/dk_12_final100.wav,#dk_12_final100,Gray,,#HalfLife_Keller,,,
keller/dk_12_first100.wav,#dk_12_first100,Gray,,#HalfLife_Keller,,,
keller/dk_12_firstgo.wav,#dk_12_firstgo,Gray,,#HalfLife_Keller,,,
keller/dk_12_followme.wav,#dk_12_followme,Gray,,#HalfLife_Keller,,,
keller/dk_12_iiii.wav,#dk_12_iiii,Gray,,#HalfLife_Keller,,,
keller/dk_12_mindopen.wav,#dk_12_mindopen,Gray,,#HalfLife_Keller,,,
keller/dk_12_netting.wav,#dk_12_netting,Gray,,#HalfLife_Keller,,,
keller/dk_12_radio.wav,#dk_12_radio,Gray,,#HalfLife_Keller,,,
keller/dk_12_second50.wav,#dk_12_second50,Gray,,#HalfLife_Keller,,,
keller/dk_12_second80.wav,#dk_12_second80,Gray,,#HalfLife_Keller,,,
keller/dk_12_second90.wav,#dk_12_second90,Gray,,#HalfLife_Keller,,,
keller/dk_12_second100.wav,#dk_12_second100,Gray,,#HalfLife_Keller,,,
keller/dk_12_success.wav,#dk_12_success,Gray,,#HalfLife_Keller,,,
keller/dk_12_surge.wav,#dk_12_surge,Gray,,#HalfLife_Keller,,,
keller/dk_12_thisisbad.wav,#dk_12_thisisbad,Gray,,#HalfLife_Keller,,,
keller/dk_12_whenstart.wav,#dk_12_whenstart,Gray,,#HalfLife_Keller,,,
keller/dk_hello0.wav,#dk_hello0,Gray,,#HalfLife_Keller,,,
keller/dk_hello1.wav,#dk_hello1,Gray,,#HalfLife_Keller,,,
keller/dk_hello2.wav,#dk_hello2,Gray,,#HalfLife_Keller,,,
keller/dk_hello3.wav,#dk_hello3,Gray,,#HalfLife_Keller,,,
keller/dk_hello4.wav,#dk_hello4,Gray,,#HalfLife_Keller,,,
keller/dk_help0.wav,#dk_help0,Gray,,#HalfLife_Keller,,,
keller/dk_help1.wav,#dk_help1,Gray,,#HalfLife_Keller,,,
keller/dk_help2.wav,#dk_help2,Gray,,#HalfLife_Keller,,,
keller/dk_idle0.wav,#dk_idle0,Gray,,#HalfLife_Keller,,,
keller/dk_idle1.wav,#dk_idle1,Gray,,#HalfLife_Keller,,,
keller/dk_idle2.wav,#dk_idle2,Gray,,#HalfLife_Keller,,,
keller/dk_idle3.wav,#dk_idle3,Gray,,#HalfLife_Keller,,,
keller/dk_idle4.wav,#dk_idle4,Gray,,#HalfLife_Keller,,,
keller/dk_leads0.wav,#dk_leads0,Gray,,#HalfLife_Keller,,,
keller/dk_leads1.wav,#dk_leads1,Gray,,#HalfLife_Keller,,,
keller/dk_leads2.wav,#dk_leads2,Gray,,#HalfLife_Keller,,,
keller/dk_newstuff.wav,#dk_newstuff,Gray,,#HalfLife_Keller,,,
keller/dk_ok0.wav,#dk_ok0,Gray,,#HalfLife_Keller,,,
keller/dk_ok1.wav,#dk_ok1,Gray,,#HalfLife_Keller,,,
keller/dk_ok2.wav,#dk_ok2,Gray,,#HalfLife_Keller,,,
keller/dk_plfear0.wav,#dk_plfear0,Gray,,#HalfLife_Keller,,,
keller/dk_plfear1.wav,#dk_plfear1,Gray,,#HalfLife_Keller,,,
keller/dk_plfear2.wav,#dk_plfear2,Gray,,#HalfLife_Keller,,,
keller/dk_plfear3.wav,#dk_plfear3,Gray,,#HalfLife_Keller,,,
keller/dk_scared0.wav,#dk_scared0,Gray,,#HalfLife_Keller,,,
keller/dk_scared1.wav,#dk_scared1,Gray,,#HalfLife_Keller,,,
keller/dk_scared2.wav,#dk_scared2,Gray,,#HalfLife_Keller,,,
keller/dk_stare0.wav,#dk_stare0,Gray,,#HalfLife_Keller,,,
keller/dk_stare1.wav,#dk_stare1,Gray,,#HalfLife_Keller,,,
keller/dk_stare2.wav,#dk_stare2,Gray,,#HalfLife_Keller,,,
keller/dk_stop0.wav,#dk_stop0,Gray,,#HalfLife_Keller,,,
keller/dk_stop1.wav,#dk_stop1,Gray,,#HalfLife_Keller,,,
keller/dk_stop2.wav,#dk_stop2,Gray,,#HalfLife_Keller,,,
keller/dk_wait0.wav,#dk_wait0,Gray,,#HalfLife_Keller,,,
keller/dk_wait1.wav,#dk_wait1,Gray,,#HalfLife_Keller,,,
keller/dk_wait2.wav,#dk_wait2,Gray,,#HalfLife_Keller,,,
keller/dk_wait3.wav,#dk_wait3,Gray,,#HalfLife_Keller,,,
hgrunt/ht05_halfway.wav,#ht05_halfway,Green,,#HalfLife_HECU,,,
holo/tr_holo_jump.wav,#tr_holo_jump,Orange,,#HalfLife_Holo,,,
holo/tr_holo_jduck.wav,#tr_holo_jduck,Orange,,#HalfLife_Holo,,,
holo/tr_holo_hitall.wav,#tr_holo_hitall,Orange,,#HalfLife_Holo,,,
holo/tr_holo_commencing.wav,#tr_holo_commencing,Orange,,#HalfLife_Holo,,,
holo/tr_holo_congrats.wav,#tr_holo_congrats,Orange,,#HalfLife_Holo,,,
holo/tr_holo_leadguard.wav,#tr_holo_leadguard,Orange,,#HalfLife_Holo,,,
HG_GREN0,#HG_GREN0,Green,,#HalfLife_HECU,,,
HG_GREN1,#HG_GREN1,Green,,#HalfLife_HECU,,,
HG_GREN2,#HG_GREN2,Green,,#HalfLife_HECU,,,
HG_GREN3,#HG_GREN3,Green,,#HalfLife_HECU,,,
HG_GREN4,#HG_GREN4,Green,,#HalfLife_HECU,,,
HG_GREN5,#HG_GREN5,Green,,#HalfLife_HECU,,,
HG_GREN6,#HG_GREN6,Green,,#HalfLife_HECU,,,
HG_ALERT0,#HG_ALERT0,Green,,#HalfLife_HECU,,,
HG_ALERT1,#HG_ALERT1,Green,,#HalfLife_HECU,,,
HG_ALERT2,#HG_ALERT2,Green,,#HalfLife_HECU,,,
HG_ALERT3,#HG_ALERT3,Green,,#HalfLife_HECU,,,
HG_ALERT4,#HG_ALERT4,Green,,#HalfLife_HECU,,,
HG_ALERT5,#HG_ALERT5,Green,,#HalfLife_HECU,,,
HG_ALERT6,#HG_ALERT6,Green,,#HalfLife_HECU,,,
HG_MONST0,#HG_MONST0,Green,,#HalfLife_HECU,,,
HG_MONST1,#HG_MONST1,Green,,#HalfLife_HECU,,,
HG_MONST2,#HG_MONST2,Green,,#HalfLife_HECU,,,
HG_MONST3,#HG_MONST3,Green,,#HalfLife_HECU,,,
HG_COVER0,#HG_COVER0,Green,,#HalfLife_HECU,,,
HG_COVER1,#HG_COVER1,Green,,#HalfLife_HECU,,,
HG_COVER2,#HG_COVER2,Green,,#HalfLife_HECU,,,
HG_COVER3,#HG_COVER3,Green,,#HalfLife_HECU,,,
HG_COVER4,#HG_COVER4,Green,,#HalfLife_HECU,,,
HG_COVER5,#HG_COVER5,Green,,#HalfLife_HECU,,,
HG_COVER6,#HG_COVER6,Green,,#HalfLife_HECU,,,
HG_COVER7,#HG_COVER7,Green,,#HalfLife_HECU,,,
HG_THROW0,#HG_THROW0,Green,,#HalfLife_HECU,,,
HG_THROW1,#HG_THROW1,Green,,#HalfLife_HECU,,,
HG_THROW2,#HG_THROW2,Green,,#HalfLife_HECU,,,
HG_THROW3,#HG_THROW3,Green,,#HalfLife_HECU,,,
HG_TAUNT0,#HG_TAUNT0,Green,,#HalfLife_HECU,,,
HG_TAUNT1,#HG_TAUNT1,Green,,#HalfLife_HECU,,,
HG_TAUNT2,#HG_TAUNT2,Green,,#HalfLife_HECU,,,
HG_TAUNT3,#HG_TAUNT3,Green,,#HalfLife_HECU,,,
HG_TAUNT4,#HG_TAUNT4,Green,,#HalfLife_HECU,,,
HG_TAUNT5,#HG_TAUNT5,Green,,#HalfLife_HECU,,,
HG_CHARGE0,#HG_CHARGE0,Green,,#HalfLife_HECU,,,
HG_CHARGE1,#HG_CHARGE1,Green,,#HalfLife_HECU,,,
HG_CHARGE2,#HG_CHARGE2,Green,,#HalfLife_HECU,,,
HG_CHARGE3,#HG_CHARGE3,Green,,#HalfLife_HECU,,,
HG_QUEST0,#HG_QUEST0,Green,,#HalfLife_HECU,,,
HG_QUEST1,#HG_QUEST1,Green,,#HalfLife_HECU,,,
HG_QUEST2,#HG_QUEST2,Green,,#HalfLife_HECU,,,
HG_QUEST3,#HG_QUEST3,Green,,#HalfLife_HECU,,,
HG_QUEST4,#HG_QUEST4,Green,,#HalfLife_HECU,,,
HG_QUEST5,#HG_QUEST5,Green,,#HalfLife_HECU,,,
HG_QUEST6,#HG_QUEST6,Green,,#HalfLife_HECU,,,
HG_QUEST7,#HG_QUEST7,Green,,#HalfLife_HECU,,,
HG_QUEST8,#HG_QUEST8,Green,,#HalfLife_HECU,,,
HG_QUEST9,#HG_QUEST9,Green,,#HalfLife_HECU,,,
HG_QUEST10,#HG_QUEST10,Green,,#HalfLife_HECU,,,
HG_QUEST11,#HG_QUEST11,Green,,#HalfLife_HECU,,,
HG_ANSWER0,#HG_ANSWER0,Green,,#HalfLife_HECU,,,
HG_ANSWER1,#HG_ANSWER1,Green,,#HalfLife_HECU,,,
HG_ANSWER2,#HG_ANSWER2,Green,,#HalfLife_HECU,,,
HG_ANSWER3,#HG_ANSWER3,Green,,#HalfLife_HECU,,,
HG_ANSWER4,#HG_ANSWER4,Green,,#HalfLife_HECU,,,
HG_ANSWER5,#HG_ANSWER5,Green,,#HalfLife_HECU,,,
HG_ANSWER6,#HG_ANSWER6,Green,,#HalfLife_HECU,,,
HG_CLEAR0,#HG_CLEAR0,Green,,#HalfLife_HECU,,,
HG_CLEAR1,#HG_CLEAR1,Green,,#HalfLife_HECU,,,
HG_CLEAR2,#HG_CLEAR2,Green,,#HalfLife_HECU,,,
HG_CLEAR3,#HG_CLEAR3,Green,,#HalfLife_HECU,,,
HG_CLEAR4,#HG_CLEAR4,Green,,#HalfLife_HECU,,,
HG_CLEAR5,#HG_CLEAR5,Green,,#HalfLife_HECU,,,
HG_CLEAR6,#HG_CLEAR6,Green,,#HalfLife_HECU,,,
HG_CLEAR7,#HG_CLEAR7,Green,,#HalfLife_HECU,,,
HG_CLEAR8,#HG_CLEAR8,Green,,#HalfLife_HECU,,,
HG_CLEAR9,#HG_CLEAR9,Green,,#HalfLife_HECU,,,
HG_CLEAR10,#HG_CLEAR10,Green,,#HalfLife_HECU,,,
HG_CLEAR11,#HG_CLEAR11,Green,,#HalfLife_HECU,,,
HG_CLEAR12,#HG_CLEAR12,Green,,#HalfLife_HECU,,,
HG_CHECK0,#HG_CHECK0,Green,,#HalfLife_HECU,,,
HG_CHECK1,#HG_CHECK1,Green,,#HalfLife_HECU,,,
HG_CHECK2,#HG_CHECK2,Green,,#HalfLife_HECU,,,
HG_CHECK3,#HG_CHECK3,Green,,#HalfLife_HECU,,,
HG_CHECK4,#HG_CHECK4,Green,,#HalfLife_HECU,,,
HG_CHECK5,#HG_CHECK5,Green,,#HalfLife_HECU,,,
HG_CHECK6,#HG_CHECK6,Green,,#HalfLife_HECU,,,
HG_CHECK7,#HG_CHECK7,Green,,#HalfLife_HECU,,,
hgrunt/gr_pain1.wav,#gr_pain1,Green,,#HalfLife_HECU,,,
hgrunt/gr_pain2.wav,#gr_pain2,Green,,#HalfLife_HECU,,,
hgrunt/gr_pain3.wav,#gr_pain3,Green,,#HalfLife_HECU,,,
hgrunt/gr_pain4.wav,#gr_pain4,Green,,#HalfLife_HECU,,,
hgrunt/gr_pain5.wav,#gr_pain5,Green,,#HalfLife_HECU,,,
HEV_AAx,#HEV_AAx,Orange,,#HalfLife_HEV_Voice,,,
HEV_A0,#HEV_A0,Orange,,#HalfLife_HEV_Voice,,,
HEV_A1,#HEV_A1,Orange,,#HalfLife_HEV_Voice,,,
HEV_A2,#HEV_A2,Orange,,#HalfLife_HEV_Voice,,,
HEV_A3,#HEV_A3,Orange,,#HalfLife_HEV_Voice,,,
HEV_A4,#HEV_A4,Orange,,#HalfLife_HEV_Voice,,,
HEV_A8,#HEV_A8,Orange,,#HalfLife_HEV_Voice,,,
HEV_A7,#HEV_A7,Orange,,#HalfLife_HEV_Voice,,,
HEV_A5,#HEV_A5,Orange,,#HalfLife_HEV_Voice,,,
HEV_A6,#HEV_A6,Orange,,#HalfLife_HEV_Voice,,,
HEV_A10,#HEV_A10,Orange,,#HalfLife_HEV_Voice,,,
HEV_HLTH1,#HEV_HLTH1,Orange,,#HalfLife_HEV_Voice,,,
HEV_HLTH2,#HEV_HLTH2,Orange,,#HalfLife_HEV_Voice,,,
HEV_HLTH3,#HEV_HLTH3,Orange,,#HalfLife_HEV_Voice,,,
HEV_HLTH4,#HEV_HLTH4,Orange,,#HalfLife_HEV_Voice,,,
HEV_HLTH5,#HEV_HLTH5,Orange,,#HalfLife_HEV_Voice,,,
HEV_HLTH6,#HEV_HLTH6,Orange,,#HalfLife_HEV_Voice,,,
HEV_DMG7,#HEV_DMG7,Orange,,#HalfLife_HEV_Voice,,,
HEV_SHOCK,#HEV_SHOCK,Orange,,#HalfLife_HEV_Voice,,,
HEV_FIRE,#HEV_FIRE,Orange,,#HalfLife_HEV_Voice,,,
HEV_DMG3,#HEV_DMG3,Orange,,#HalfLife_HEV_Voice,,,
HEV_DMG0,#HEV_DMG0,Orange,,#HalfLife_HEV_Voice,,,
HEV_DMG1,#HEV_DMG1,Orange,,#HalfLife_HEV_Voice,,,
HEV_DMG4,#HEV_DMG4,Orange,,#HalfLife_HEV_Voice,,,
HEV_DMG5,#HEV_DMG5,Orange,,#HalfLife_HEV_Voice,,,
HEV_DMG6,#HEV_DMG6,Orange,,#HalfLife_HEV_Voice,,,
HEV_DMG2,#HEV_DMG2,Orange,,#HalfLife_HEV_Voice,,,
HEV_HEAL7,#HEV_HEAL7,Orange,,#HalfLife_HEV_Voice,,,
HEV_DET2,#HEV_DET2,Orange,,#HalfLife_HEV_Voice,,,
HEV_DET1,#HEV_DET1,Orange,,#HalfLife_HEV_Voice,,,
HEV_DET0,#HEV_DET0,Orange,,#HalfLife_HEV_Voice,,,
HEV_AMO0,#HEV_AMO0,Orange,,#HalfLife_HEV_Voice,,,
nihilanth/nil_thieves.wav,#nil_thieves,Yellow,,,,,
gina/gina_attack0.wav,#gina_attack0,Red,,,,,
gina/gina_attack1.wav,#gina_attack1,Red,,,,,
gina/gina_attack2.wav,#gina_attack2,Red,,,,,
gina/gina_attack3.wav,#gina_attack3,Red,,,,,
gina/gina_attacked0.wav,#gina_attacked0,Red,,,,,
gina/gina_attacked1.wav,#gina_attacked1,Red,,,,,
gina/gina_attacked2.wav,#gina_attacked2,Red,,,,,
gina/gina_attacked3.wav,#gina_attacked3,Red,,,,,
gina/gina_kill0.wav,#gina_kill0,Red,,,,,
gina/gina_kill1.wav,#gina_kill1,Red,,,,,
gina/gina_kill2.wav,#gina_kill2,Red,,,,,
gina/gina_kill3.wav,#gina_kill3,Red,,,,,
gina/gina_kill4.wav,#gina_kill4,Red,,,,,
gina/gina_mad0.wav,#gina_mad0,Red,,,,,
gina/gina_mad1.wav,#gina_mad1,Red,,,,,
gina/gina_mad2.wav,#gina_mad2,Red,,,,,
gina/gina_stop0.wav,#gina_stop0,Red,,,,,
gina/gina_stop1.wav,#gina_stop1,Red,,,,,
gina/gina_stop2.wav,#gina_stop2,Red,,,,,
gina/gina_unuse0.wav,#gina_unuse0,Red,,,,,
gina/gina_unuse1.wav,#gina_unuse1,Red,,,,,
gina/gina_unuse2.wav,#gina_unuse2,Red,,,,,
gina/gina_unuse3.wav,#gina_unuse3,Red,,,,,
gina/gina_unuse4.wav,#gina_unuse4,Red,,,,,
gina/gina_use0.wav,#gina_use0,Red,,,,,
gina/gina_use1.wav,#gina_use1,Red,,,,,
gina/gina_use2.wav,#gina_use2,Red,,,,,
gina/gina_use3.wav,#gina_use3,Red,,,,,
gina/gina_use4.wav,#gina_use4,Red,,,,,
gina/gina_use5.wav,#gina_use5,Red,,,,,
gina/colette_attack2.wav,#colette_attack2,Red,,,,,
colette/colette_attacked0.wav,#colette_attacked0,Red,,,,,
colette/colette_attacked1.wav,#colette_attacked1,Red,,,,,
colette/colette_attacked2.wav,#colette_attacked2,Red,,,,,
colette/colette_attacked3.wav,#colette_attacked3,Red,,,,,
colette/colette_kill0.wav,#colette_kill0,Red,,,,,
colette/colette_kill1.wav,#colette_kill1,Red,,,,,
colette/colette_kill2.wav,#colette_kill2,Red,,,,,
colette/colette_kill3.wav,#colette_kill3,Red,,,,,
colette/colette_kill4.wav,#colette_kill4,Red,,,,,
colette/colette_mad0.wav,#colette_mad0,Red,,,,,
colette/colette_mad1.wav,#colette_mad1,Red,,,,,
colette/colette_mad2.wav,#colette_mad2,Red,,,,,
colette/colette_stop0.wav,#colette_stop0,Red,,,,,
colette/colette_stop1.wav,#colette_stop1,Red,,,,,
colette/colette_stop2.wav,#colette_stop2,Red,,,,,
colette/colette_unuse0.wav,#colette_unuse0,Red,,,,,
colette/colette_unuse1.wav,#colette_unuse1,Red,,,,,
colette/colette_unuse2.wav,#colette_unuse2,Red,,,,,
colette/colette_unuse3.wav,#colette_unuse3,Red,,,,,
colette/colette_unuse4.wav,#colette_unuse4,Red,,,,,
colette/colette_use0.wav,#colette_use0,Red,,,,,
colette/colette_use1.wav,#colette_use1,Red,,,,,
colette/colette_use2.wav,#colette_use2,Red,,,,,
colette/colette_use3.wav,#colette_use3,Red,,,,,
colette/colette_use4.wav,#colette_use4,Red,,,,,
colette/colette_use5.wav,#colette_use5,Red,,,,,
